"0","1467810369","Mon Apr 06 22:19:45 PDT 2009","NO_QUERY","_TheSpecialOne_","@switchfoot http://twitpic.com/2y1zl - Awww, that's a bummer.  You shoulda got David Carr of Third Day to do it. ;D"
"0","1467810672","Mon Apr 06 22:19:49 PDT 2009","NO_QUERY","scotthamilton","is upset that he can't update his Facebook by texting it... and might cry as a result  School today also. Blah!"
"0","1467810917","Mon Apr 06 22:19:53 PDT 2009","NO_QUERY","mattycus","@Kenichan I dived many times for the ball. Managed to save 50%  The rest go out of bounds"
"0","1467811184","Mon Apr 06 22:19:57 PDT 2009","NO_QUERY","ElleCTF","my whole body feels itchy and like its on fire "
"0","1467811193","Mon Apr 06 22:19:57 PDT 2009","NO_QUERY","Karoli","@nationwideclass no, it's not behaving at all. i'm mad. why am i here? because I can't see you all over there. "
"0","1467811372","Mon Apr 06 22:20:00 PDT 2009","NO_QUERY","joy_wolf","@Kwesidei not the whole crew "
"0","1467811592","Mon Apr 06 22:20:03 PDT 2009","NO_QUERY","mybirch","Need a hug "
"0","1467811594","Mon Apr 06 22:20:03 PDT 2009","NO_QUERY","coZZ","@LOLTrish hey  long time no see! Yes.. Rains a bit ,only a bit  LOL , I'm fine thanks , how's you ?"
"0","1467811795","Mon Apr 06 22:20:05 PDT 2009","NO_QUERY","2Hood4Hollywood","@Tatiana_K nope they didn't have it "
"0","1467812025","Mon Apr 06 22:20:09 PDT 2009","NO_QUERY","mimismo","@twittera que me muera ? "
"0","1467812416","Mon Apr 06 22:20:16 PDT 2009","NO_QUERY","erinx3leannexo","spring break in plain city... it's snowing "
"0","1467812579","Mon Apr 06 22:20:17 PDT 2009","NO_QUERY","pardonlauren","I just re-pierced my ears "
"0","1467812723","Mon Apr 06 22:20:19 PDT 2009","NO_QUERY","TLeC","@caregiving I couldn't bear to watch it.  And I thought the UA loss was embarrassing . . . . ."
"0","1467812771","Mon Apr 06 22:20:19 PDT 2009","NO_QUERY","robrobbierobert","@octolinz16 It it counts, idk why I did either. you never talk to me anymore "
"0","1467812784","Mon Apr 06 22:20:20 PDT 2009","NO_QUERY","bayofwolves","@smarrison i would've been the first, but i didn't have a gun.    not really though, zac snyder's just a doucheclown."
"0","1467812799","Mon Apr 06 22:20:20 PDT 2009","NO_QUERY","HairByJess","@iamjazzyfizzle I wish I got to watch it with you!! I miss you and @iamlilnicki  how was the premiere?!"
"0","1467812964","Mon Apr 06 22:20:22 PDT 2009","NO_QUERY","lovesongwriter","Hollis' death scene will hurt me severely to watch on film  wry is directors cut not out now?"
"0","1467813137","Mon Apr 06 22:20:25 PDT 2009","NO_QUERY","armotley","about to file taxes "
"0","1467813579","Mon Apr 06 22:20:31 PDT 2009","NO_QUERY","starkissed","@LettyA ahh ive always wanted to see rent  love the soundtrack!!"
"0","1467813782","Mon Apr 06 22:20:34 PDT 2009","NO_QUERY","gi_gi_bee","@FakerPattyPattz Oh dear. Were you drinking out of the forgotten table drinks? "
"4","2193578679","Tue Jun 16 08:38:56 PDT 2009","NO_QUERY","puchal_ek","@myheartandmind jo jen by nemuselo zrovna té holce ael co nic "
"4","2193578716","Tue Jun 16 08:38:57 PDT 2009","NO_QUERY","youtubelatest","Another Commenting Contest! [;: Yay!!!  http://tinyurl.com/m6j2an"
"4","2193578739","Tue Jun 16 08:38:57 PDT 2009","NO_QUERY","Mandi_Davenport","@thrillmesoon i figured out how to see my tweets and facebook status updates, and i was set  the groups seemed like a pain to set up..."
"4","2193578758","Tue Jun 16 08:38:57 PDT 2009","NO_QUERY","xoAurixo","@oxhot theri tomorrow, drinking coffee, talking about our most important and favourite issue! YOU know what I mean "
"4","2193578847","Tue Jun 16 08:38:57 PDT 2009","NO_QUERY","RobFoxKerr","You heard it here first -- We're having a girl. Hope it has my looks and Wendy's brains. (Kidding, babe). "
"4","2193578982","Tue Jun 16 08:38:58 PDT 2009","NO_QUERY","LISKFEST","if ur the lead singer in a band, beware falling prey to LSD &quot;Lead Singer Disease&quot; http://tinyurl.com/n65xjt  #music #haveyouever?"
"4","2193579087","Tue Jun 16 08:38:58 PDT 2009","NO_QUERY","marhgil","@tarayqueen too much ads on my blog. "
"4","2193579092","Tue Jun 16 08:38:58 PDT 2009","NO_QUERY","cathriiin","@La_r_a NEVEER  I think that you both will get on well with each other..."
"4","2193579191","Tue Jun 16 08:38:59 PDT 2009","NO_QUERY","tellman","@Roy_Everitt ha- good job. that's right - we gotta throw that #bigrun tag EVERYWHERE! I wanna get it trending before I start "
"4","2193579211","Tue Jun 16 08:38:59 PDT 2009","NO_QUERY","jazzstixx","@Ms_Hip_Hop im glad ur doing well "
"4","2193579249","Tue Jun 16 08:38:59 PDT 2009","NO_QUERY","razzberry5594","WOOOOO! Xbox is back "
"4","2193579284","Tue Jun 16 08:38:59 PDT 2009","NO_QUERY","AgustinaP","@rmedina @LaTati Mmmm  That sounds absolutely perfect... but my schedule is full. I won't have time to lay in bed until Sunday. Ugh!!"
"4","2193579434","Tue Jun 16 08:39:00 PDT 2009","NO_QUERY","sdancingsteph","ReCoVeRiNg FrOm ThE lOnG wEeKeNd "
"4","2193579477","Tue Jun 16 08:39:00 PDT 2009","NO_QUERY","ChloeAmisha","@SCOOBY_GRITBOYS "
"4","2193579489","Tue Jun 16 08:39:00 PDT 2009","NO_QUERY","EvolveTom","@Cliff_Forster Yeah, that does work better than just waiting for it  In the end I just wonder if I have time to keep up a good blog."
"4","2193601966","Tue Jun 16 08:40:49 PDT 2009","NO_QUERY","AmandaMarie1028","Just woke up. Having no school is the best feeling ever "
"4","2193601969","Tue Jun 16 08:40:49 PDT 2009","NO_QUERY","TheWDBoards","TheWDB.com - Very cool to hear old Walt interviews!  ♫ http://blip.fm/~8bmta"
"4","2193601991","Tue Jun 16 08:40:49 PDT 2009","NO_QUERY","bpbabe","Are you ready for your MoJo Makeover? Ask me for details "
"4","2193602064","Tue Jun 16 08:40:49 PDT 2009","NO_QUERY","tinydiamondz","Happy 38th Birthday to my boo of alll time!!! Tupac Amaru Shakur "
"4","2193602129","Tue Jun 16 08:40:50 PDT 2009","NO_QUERY","RyanTrevMorris","happy #charitytuesday @theNSPCC @SparksCharity @SpeakingUpH4H "
